{"client_meta":{"background_color":{"r":0.11764705926179886,"g":0.11764705926179886,"b":0.11764705926179886,"a":1},"thumbnail_size":{"width":361,"height":400},"render_coordinates":{"x":-183,"y":-1190,"width":5529,"height":6133}},"file_name":"FindIT","developer_related_links":[]}